<?xml version="1.0"?>
<rss version="2.0" xmlns:geo="http://www.w3.org/2003/01/geo/wgs84_pos#" xmlns:dc="http://purl.org/dc/elements/1.1/" xmlns:eq="http://earthquake.usgs.gov/rss/1.0/" xmlns:georss="http://www.georss.org/georss/">
<channel><title>USGS Earthquake ShakeMaps</title><description>List of ShakeMaps for events in the last 30 days</description><link>http://earthquake.usgs.gov/</link><dc:publisher>U.S. Geological Survey</dc:publisher><pubDate>Sat, 03 Mar 2012 14:47:02 +0000</pubDate>
<item><title>4.12 - 55.1 miles WNW of Homer</title><description><![CDATA[<img src="http://earthquake.usgs.gov/eqcenter/shakemap/thumbs/shakemap_ak_10425020.jpg" width="100" align="left" hspace="10"/><p>Date: Sat, 03 Mar 2012 13:35:53 UTC<br/>Lat/Lon: 60.0684/-152.879<br/>Depth: 127.058</p>]]></description><link>http://earthquake.usgs.gov/eqcenter/shakemap/ak/shake/10425020/</link><pubDate>Sat, 03 Mar 2012 14:10:46 +0000</pubDate><geo:lat>60.0684</geo:lat><geo:long>-152.879</geo:long><dc:subject>4</dc:subject><eq:seconds>1330781753</eq:seconds><eq:depth>127.058</eq:depth><eq:region>ak</eq:region></item>
<item><title>6.6 - SOUTHEAST OF THE LOYALTY ISLANDS</title><description><![CDATA[<img src="http://earthquake.usgs.gov/eqcenter/shakemap/thumbs/shakemap_global_b0008age.jpg" width="100" align="left" hspace="10"/><p>Date: Sat, 03 Mar 2012 12:19:55 UTC<br/>Lat/Lon: -22.157/170.317<br/>Depth: 15.2</p>]]></description><link>http://earthquake.usgs.gov/eqcenter/shakemap/global/shake/b0008age/</link><pubDate>Sat, 03 Mar 2012 13:58:39 +0000</pubDate><geo:lat>-22.157</geo:lat><geo:long>170.317</geo:long><dc:subject>6</dc:subject><eq:seconds>1330777195</eq:seconds><eq:depth>15.2</eq:depth><eq:region>global</eq:region></item>
<item><title>5.5 - COQUIMBO, CHILE</title><description><![CDATA[<img src="http://earthquake.usgs.gov/eqcenter/shakemap/thumbs/shakemap_global_b0008afs.jpg" width="100" align="left" hspace="10"/><p>Date: Sat, 03 Mar 2012 11:01:47 UTC<br/>Lat/Lon: -30.3529/-71.2244<br/>Depth: 53.06</p>]]></description><link>http://earthquake.usgs.gov/eqcenter/shakemap/global/shake/b0008afs/</link><pubDate>Sat, 03 Mar 2012 11:18:56 +0000</pubDate><geo:lat>-30.3529</geo:lat><geo:long>-71.2244</geo:long><dc:subject>5</dc:subject><eq:seconds>1330772507</eq:seconds><eq:depth>53.06</eq:depth><eq:region>global</eq:region></item>
<item><title>3.4 - 15.4 km (9.5 mi) NW of Pinnacles, CA</title><description><![CDATA[<img src="http://earthquake.usgs.gov/eqcenter/shakemap/thumbs/shakemap_nc_71744566.jpg" width="100" align="left" hspace="10"/><p>Date: Thu, 01 Mar 2012 17:15:34 UTC<br/>Lat/Lon: 36.6385/-121.252<br/>Depth: 6.46</p>]]></description><link>http://earthquake.usgs.gov/eqcenter/shakemap/nc/shake/71744566/</link><pubDate>Thu, 01 Mar 2012 23:53:54 +0000</pubDate><geo:lat>36.6385</geo:lat><geo:long>-121.252</geo:long><dc:subject>3</dc:subject><eq:seconds>1330622134</eq:seconds><eq:depth>6.46</eq:depth><eq:region>nc</eq:region></item>
<item><title>3.08 - </title><description><![CDATA[<img src="http://earthquake.usgs.gov/eqcenter/shakemap/thumbs/shakemap_ut_00009400.jpg" width="100" align="left" hspace="10"/><p>Date: Wed, 29 Feb 2012 22:36:22 UTC<br/>Lat/Lon: 37.34/-113.81<br/>Depth: 0.18</p>]]></description><link>http://earthquake.usgs.gov/eqcenter/shakemap/ut/shake/00009400/</link><pubDate>Wed, 29 Feb 2012 22:43:07 +0000</pubDate><geo:lat>37.34</geo:lat><geo:long>-113.81</geo:long><dc:subject>3</dc:subject><eq:seconds>1330554982</eq:seconds><eq:depth>0.18</eq:depth><eq:region>ut</eq:region></item>
<item><title>5.4 - NEAR THE EAST COAST OF HONSHU, JAPAN</title><description><![CDATA[<img src="http://earthquake.usgs.gov/eqcenter/shakemap/thumbs/shakemap_global_b00088sq.jpg" width="100" align="left" hspace="10"/><p>Date: Wed, 29 Feb 2012 22:32:33 UTC<br/>Lat/Lon: 36.459/140.471<br/>Depth: 54.3</p>]]></description><link>http://earthquake.usgs.gov/eqcenter/shakemap/global/shake/b00088sq/</link><pubDate>Thu, 01 Mar 2012 12:25:41 +0000</pubDate><geo:lat>36.459</geo:lat><geo:long>140.471</geo:long><dc:subject>5</dc:subject><eq:seconds>1330554753</eq:seconds><eq:depth>54.3</eq:depth><eq:region>global</eq:region></item>
<item><title>5.4 - VANUATU</title><description><![CDATA[<img src="http://earthquake.usgs.gov/eqcenter/shakemap/thumbs/shakemap_global_b00088g6.jpg" width="100" align="left" hspace="10"/><p>Date: Wed, 29 Feb 2012 16:03:57 UTC<br/>Lat/Lon: -17.6445/168.029<br/>Depth: 46.4</p>]]></description><link>http://earthquake.usgs.gov/eqcenter/shakemap/global/shake/b00088g6/</link><pubDate>Wed, 29 Feb 2012 18:37:59 +0000</pubDate><geo:lat>-17.6445</geo:lat><geo:long>168.029</geo:long><dc:subject>5</dc:subject><eq:seconds>1330531437</eq:seconds><eq:depth>46.4</eq:depth><eq:region>global</eq:region></item>
<item><title>5.6 - NEAR THE EAST COAST OF HONSHU, JAPAN</title><description><![CDATA[<img src="http://earthquake.usgs.gov/eqcenter/shakemap/thumbs/shakemap_global_b00088dt.jpg" width="100" align="left" hspace="10"/><p>Date: Wed, 29 Feb 2012 14:32:47 UTC<br/>Lat/Lon: 35.2002/140.995<br/>Depth: 26.3</p>]]></description><link>http://earthquake.usgs.gov/eqcenter/shakemap/global/shake/b00088dt/</link><pubDate>Wed, 29 Feb 2012 17:14:03 +0000</pubDate><geo:lat>35.2002</geo:lat><geo:long>140.995</geo:long><dc:subject>5</dc:subject><eq:seconds>1330525967</eq:seconds><eq:depth>26.3</eq:depth><eq:region>global</eq:region></item>
<item><title>3.7 - 8.9 km (5.5 mi) SW of Weitchpec, CA</title><description><![CDATA[<img src="http://earthquake.usgs.gov/eqcenter/shakemap/thumbs/shakemap_nc_71743876.jpg" width="100" align="left" hspace="10"/><p>Date: Wed, 29 Feb 2012 05:00:33 UTC<br/>Lat/Lon: 41.1427/-123.793<br/>Depth: 31.37</p>]]></description><link>http://earthquake.usgs.gov/eqcenter/shakemap/nc/shake/71743876/</link><pubDate>Wed, 29 Feb 2012 22:58:14 +0000</pubDate><geo:lat>41.1427</geo:lat><geo:long>-123.793</geo:long><dc:subject>3</dc:subject><eq:seconds>1330491633</eq:seconds><eq:depth>31.37</eq:depth><eq:region>nc</eq:region></item>
<item><title>4.2 - 55.4 km (34.4 mi) SSE of Calexico, CA</title><description><![CDATA[<img src="http://earthquake.usgs.gov/eqcenter/shakemap/thumbs/shakemap_sc_15115905.jpg" width="100" align="left" hspace="10"/><p>Date: Wed, 29 Feb 2012 01:27:29 UTC<br/>Lat/Lon: 32.2033/-115.283<br/>Depth: 10</p>]]></description><link>http://earthquake.usgs.gov/eqcenter/shakemap/sc/shake/15115905/</link><pubDate>Thu, 01 Mar 2012 01:33:09 +0000</pubDate><geo:lat>32.2033</geo:lat><geo:long>-115.283</geo:long><dc:subject>4</dc:subject><eq:seconds>1330478849</eq:seconds><eq:depth>10</eq:depth><eq:region>sc</eq:region></item>
<item><title>3.5 - 17.4 km (10.8 mi) SSE of Santa Cruz Is. (E end), CA</title><description><![CDATA[<img src="http://earthquake.usgs.gov/eqcenter/shakemap/thumbs/shakemap_sc_15115849.jpg" width="100" align="left" hspace="10"/><p>Date: Tue, 28 Feb 2012 20:15:33 UTC<br/>Lat/Lon: 33.896/-119.424<br/>Depth: 12.06</p>]]></description><link>http://earthquake.usgs.gov/eqcenter/shakemap/sc/shake/15115849/</link><pubDate>Wed, 29 Feb 2012 21:21:24 +0000</pubDate><geo:lat>33.896</geo:lat><geo:long>-119.424</geo:long><dc:subject>3</dc:subject><eq:seconds>1330460133</eq:seconds><eq:depth>12.06</eq:depth><eq:region>sc</eq:region></item>
<item><title>5.6 - RYUKYU ISLANDS, JAPAN</title><description><![CDATA[<img src="http://earthquake.usgs.gov/eqcenter/shakemap/thumbs/shakemap_global_b00086yp.jpg" width="100" align="left" hspace="10"/><p>Date: Mon, 27 Feb 2012 19:31:48 UTC<br/>Lat/Lon: 25.5746/127.159<br/>Depth: 18.57</p>]]></description><link>http://earthquake.usgs.gov/eqcenter/shakemap/global/shake/b00086yp/</link><pubDate>Mon, 27 Feb 2012 19:52:53 +0000</pubDate><geo:lat>25.5746</geo:lat><geo:long>127.159</geo:long><dc:subject>5</dc:subject><eq:seconds>1330371108</eq:seconds><eq:depth>18.57</eq:depth><eq:region>global</eq:region></item>
<item><title>5.04 - 7.6 miles NNW of Glennallen</title><description><![CDATA[<img src="http://earthquake.usgs.gov/eqcenter/shakemap/thumbs/shakemap_ak_10421133.jpg" width="100" align="left" hspace="10"/><p>Date: Sun, 26 Feb 2012 23:42:23 UTC<br/>Lat/Lon: 62.2159/-145.665<br/>Depth: 16.3657</p>]]></description><link>http://earthquake.usgs.gov/eqcenter/shakemap/ak/shake/10421133/</link><pubDate>Mon, 27 Feb 2012 00:35:27 +0000</pubDate><geo:lat>62.2159</geo:lat><geo:long>-145.665</geo:long><dc:subject>5</dc:subject><eq:seconds>1330299743</eq:seconds><eq:depth>16.3657</eq:depth><eq:region>ak</eq:region></item>
<item><title>6.7 - SOUTHWESTERN SIBERIA, RUSSIA</title><description><![CDATA[<img src="http://earthquake.usgs.gov/eqcenter/shakemap/thumbs/shakemap_global_b0008672.jpg" width="100" align="left" hspace="10"/><p>Date: Sun, 26 Feb 2012 06:17:19 UTC<br/>Lat/Lon: 51.731/95.921<br/>Depth: 11.7</p>]]></description><link>http://earthquake.usgs.gov/eqcenter/shakemap/global/shake/b0008672/</link><pubDate>Tue, 28 Feb 2012 20:01:06 +0000</pubDate><geo:lat>51.731</geo:lat><geo:long>95.921</geo:long><dc:subject>6</dc:subject><eq:seconds>1330237039</eq:seconds><eq:depth>11.7</eq:depth><eq:region>global</eq:region></item>
<item><title>5.6 - SOUTH OF THE KERMADEC ISLANDS</title><description><![CDATA[<img src="http://earthquake.usgs.gov/eqcenter/shakemap/thumbs/shakemap_global_b000866w.jpg" width="100" align="left" hspace="10"/><p>Date: Sun, 26 Feb 2012 05:24:55 UTC<br/>Lat/Lon: -32.435/-177.666<br/>Depth: 10.71</p>]]></description><link>http://earthquake.usgs.gov/eqcenter/shakemap/global/shake/b000866w/</link><pubDate>Sun, 26 Feb 2012 11:02:27 +0000</pubDate><geo:lat>-32.435</geo:lat><geo:long>-177.666</geo:long><dc:subject>5</dc:subject><eq:seconds>1330233895</eq:seconds><eq:depth>10.71</eq:depth><eq:region>global</eq:region></item>
<item><title>5.5 - SOUTH OF THE FIJI ISLANDS</title><description><![CDATA[<img src="http://earthquake.usgs.gov/eqcenter/shakemap/thumbs/shakemap_global_b000866c.jpg" width="100" align="left" hspace="10"/><p>Date: Sun, 26 Feb 2012 05:21:31 UTC<br/>Lat/Lon: -24.5295/-177.323<br/>Depth: 65.07</p>]]></description><link>http://earthquake.usgs.gov/eqcenter/shakemap/global/shake/b000866c/</link><pubDate>Sun, 26 Feb 2012 05:36:38 +0000</pubDate><geo:lat>-24.5295</geo:lat><geo:long>-177.323</geo:long><dc:subject>5</dc:subject><eq:seconds>1330233691</eq:seconds><eq:depth>65.07</eq:depth><eq:region>global</eq:region></item>
<item><title>5.9 - TAIWAN</title><description><![CDATA[<img src="http://earthquake.usgs.gov/eqcenter/shakemap/thumbs/shakemap_global_b0008649.jpg" width="100" align="left" hspace="10"/><p>Date: Sun, 26 Feb 2012 02:34:59 UTC<br/>Lat/Lon: 22.7007/120.853<br/>Depth: 22.44</p>]]></description><link>http://earthquake.usgs.gov/eqcenter/shakemap/global/shake/b0008649/</link><pubDate>Sun, 26 Feb 2012 03:28:33 +0000</pubDate><geo:lat>22.7007</geo:lat><geo:long>120.853</geo:long><dc:subject>5</dc:subject><eq:seconds>1330223699</eq:seconds><eq:depth>22.44</eq:depth><eq:region>global</eq:region></item>
<item><title>4.3 - 5.6 km (3.5 mi) SSW of Petrolia, CA</title><description><![CDATA[<img src="http://earthquake.usgs.gov/eqcenter/shakemap/thumbs/shakemap_nc_71741671.jpg" width="100" align="left" hspace="10"/><p>Date: Sat, 25 Feb 2012 05:17:16 UTC<br/>Lat/Lon: 40.2795/-124.314<br/>Depth: 19.82</p>]]></description><link>http://earthquake.usgs.gov/eqcenter/shakemap/nc/shake/71741671/</link><pubDate>Tue, 28 Feb 2012 06:37:03 +0000</pubDate><geo:lat>40.2795</geo:lat><geo:long>-124.314</geo:long><dc:subject>4</dc:subject><eq:seconds>1330147036</eq:seconds><eq:depth>19.82</eq:depth><eq:region>nc</eq:region></item>
<item><title>4 - ST. LAWRENCE VALLEY REG., QUEBEC, CANADA</title><description><![CDATA[<img src="http://earthquake.usgs.gov/eqcenter/shakemap/thumbs/shakemap_global_b00085ls.jpg" width="100" align="left" hspace="10"/><p>Date: Fri, 24 Feb 2012 22:47:22 UTC<br/>Lat/Lon: 47.6152/-70.2199<br/>Depth: 4.21</p>]]></description><link>http://earthquake.usgs.gov/eqcenter/shakemap/global/shake/b00085ls/</link><pubDate>Sat, 25 Feb 2012 01:26:01 +0000</pubDate><geo:lat>47.6152</geo:lat><geo:long>-70.2199</geo:long><dc:subject>4</dc:subject><eq:seconds>1330123642</eq:seconds><eq:depth>4.21</eq:depth><eq:region>global</eq:region></item>
<item><title>3.23 - 11.1 miles NW of HAWTHORNE-NV</title><description><![CDATA[<img src="http://earthquake.usgs.gov/eqcenter/shakemap/thumbs/shakemap_nn_2012055_369378.jpg" width="100" align="left" hspace="10"/><p>Date: Fri, 24 Feb 2012 17:10:51 UTC<br/>Lat/Lon: 38.6497/-118.756<br/>Depth: 8.1759</p>]]></description><link>http://earthquake.usgs.gov/eqcenter/shakemap/nn/shake/2012055_369378/</link><pubDate>Fri, 24 Feb 2012 17:42:05 +0000</pubDate><geo:lat>38.6497</geo:lat><geo:long>-118.756</geo:long><dc:subject>3</dc:subject><eq:seconds>1330103451</eq:seconds><eq:depth>8.1759</eq:depth><eq:region>nn</eq:region></item>
<item><title>3.23 - 11.1 miles NW of HAWTHORNE-NV</title><description><![CDATA[<img src="http://earthquake.usgs.gov/eqcenter/shakemap/thumbs/shakemap_nn_2012055_369384.jpg" width="100" align="left" hspace="10"/><p>Date: Fri, 24 Feb 2012 17:10:51 UTC<br/>Lat/Lon: 38.6498/-118.756<br/>Depth: 8.2326</p>]]></description><link>http://earthquake.usgs.gov/eqcenter/shakemap/nn/shake/2012055_369384/</link><pubDate>Fri, 24 Feb 2012 17:54:12 +0000</pubDate><geo:lat>38.6498</geo:lat><geo:long>-118.756</geo:long><dc:subject>3</dc:subject><eq:seconds>1330103451</eq:seconds><eq:depth>8.2326</eq:depth><eq:region>nn</eq:region></item>
<item><title>3.24 - 11.1 miles NW of HAWTHORNE-NV</title><description><![CDATA[<img src="http://earthquake.usgs.gov/eqcenter/shakemap/thumbs/shakemap_nn_2012055_369385.jpg" width="100" align="left" hspace="10"/><p>Date: Fri, 24 Feb 2012 17:10:51 UTC<br/>Lat/Lon: 38.6499/-118.756<br/>Depth: 8.1646</p>]]></description><link>http://earthquake.usgs.gov/eqcenter/shakemap/nn/shake/2012055_369385/</link><pubDate>Mon, 27 Feb 2012 18:11:16 +0000</pubDate><geo:lat>38.6499</geo:lat><geo:long>-118.756</geo:long><dc:subject>3</dc:subject><eq:seconds>1330103451</eq:seconds><eq:depth>8.1646</eq:depth><eq:region>nn</eq:region></item>
<item><title>4.3 - ISLAND OF HAWAII, HAWAII</title><description><![CDATA[<img src="http://earthquake.usgs.gov/eqcenter/shakemap/thumbs/shakemap_hv_60314266.jpg" width="100" align="left" hspace="10"/><p>Date: Fri, 24 Feb 2012 13:52:45 UTC<br/>Lat/Lon: 19.4347/-155.311<br/>Depth: 6.4</p>]]></description><link>http://earthquake.usgs.gov/eqcenter/shakemap/hv/shake/60314266/</link><pubDate>Sat, 25 Feb 2012 00:02:13 +0000</pubDate><geo:lat>19.4347</geo:lat><geo:long>-155.311</geo:long><dc:subject>4</dc:subject><eq:seconds>1330091565</eq:seconds><eq:depth>6.4</eq:depth><eq:region>hv</eq:region></item>
<item><title>4.1 - ISLAND OF HAWAII, HAWAII</title><description><![CDATA[<img src="http://earthquake.usgs.gov/eqcenter/shakemap/thumbs/shakemap_hv_60313901.jpg" width="100" align="left" hspace="10"/><p>Date: Fri, 24 Feb 2012 07:02:24 UTC<br/>Lat/Lon: 19.4357/-155.314<br/>Depth: 5.2</p>]]></description><link>http://earthquake.usgs.gov/eqcenter/shakemap/hv/shake/60313901/</link><pubDate>Fri, 24 Feb 2012 17:04:31 +0000</pubDate><geo:lat>19.4357</geo:lat><geo:long>-155.314</geo:long><dc:subject>4</dc:subject><eq:seconds>1330066944</eq:seconds><eq:depth>5.2</eq:depth><eq:region>hv</eq:region></item>
<item><title>5.6 - KEPULAUAN KAI, INDONESIA</title><description><![CDATA[<img src="http://earthquake.usgs.gov/eqcenter/shakemap/thumbs/shakemap_global_b00083p3.jpg" width="100" align="left" hspace="10"/><p>Date: Wed, 22 Feb 2012 10:45:21 UTC<br/>Lat/Lon: -5.1626/133.574<br/>Depth: 9.91</p>]]></description><link>http://earthquake.usgs.gov/eqcenter/shakemap/global/shake/b00083p3/</link><pubDate>Wed, 22 Feb 2012 11:04:48 +0000</pubDate><geo:lat>-5.1626</geo:lat><geo:long>133.574</geo:long><dc:subject>5</dc:subject><eq:seconds>1329907521</eq:seconds><eq:depth>9.91</eq:depth><eq:region>global</eq:region></item>
<item><title>4.4 - 231.7 miles N of Dawson City</title><description><![CDATA[<img src="http://earthquake.usgs.gov/eqcenter/shakemap/thumbs/shakemap_ak_10417790.jpg" width="100" align="left" hspace="10"/><p>Date: Tue, 21 Feb 2012 23:02:34 UTC<br/>Lat/Lon: 67.2312/-140.97<br/>Depth: 8.238</p>]]></description><link>http://earthquake.usgs.gov/eqcenter/shakemap/ak/shake/10417790/</link><pubDate>Tue, 21 Feb 2012 23:17:04 +0000</pubDate><geo:lat>67.2312</geo:lat><geo:long>-140.97</geo:long><dc:subject>4</dc:subject><eq:seconds>1329865354</eq:seconds><eq:depth>8.238</eq:depth><eq:region>ak</eq:region></item>
<item><title>5.73 - 119.4 miles WNW of Kotzebue</title><description><![CDATA[<img src="http://earthquake.usgs.gov/eqcenter/shakemap/thumbs/shakemap_ak_10417408.jpg" width="100" align="left" hspace="10"/><p>Date: Tue, 21 Feb 2012 13:50:43 UTC<br/>Lat/Lon: 67.5882/-166.68<br/>Depth: 30.1398</p>]]></description><link>http://earthquake.usgs.gov/eqcenter/shakemap/ak/shake/10417408/</link><pubDate>Tue, 21 Feb 2012 14:45:13 +0000</pubDate><geo:lat>67.5882</geo:lat><geo:long>-166.68</geo:long><dc:subject>5</dc:subject><eq:seconds>1329832243</eq:seconds><eq:depth>30.1398</eq:depth><eq:region>ak</eq:region></item>
<item><title>3.9 - SOUTHEASTERN MISSOURI</title><description><![CDATA[<img src="http://earthquake.usgs.gov/eqcenter/shakemap/thumbs/shakemap_nm_022212a.jpg" width="100" align="left" hspace="10"/><p>Date: Tue, 21 Feb 2012 09:58:43 UTC<br/>Lat/Lon: 36.8733/-89.4227<br/>Depth: 7.9</p>]]></description><link>http://earthquake.usgs.gov/eqcenter/shakemap/nm/shake/022212a/</link><pubDate>Wed, 22 Feb 2012 15:07:52 +0000</pubDate><geo:lat>36.8733</geo:lat><geo:long>-89.4227</geo:long><dc:subject>3</dc:subject><eq:seconds>1329818323</eq:seconds><eq:depth>7.9</eq:depth><eq:region>nm</eq:region></item>
<item><title>4.2 - 86.4 miles E of Adak</title><description><![CDATA[<img src="http://earthquake.usgs.gov/eqcenter/shakemap/thumbs/shakemap_ak_10417012.jpg" width="100" align="left" hspace="10"/><p>Date: Mon, 20 Feb 2012 12:43:28 UTC<br/>Lat/Lon: 51.9164/-174.631<br/>Depth: 45.719</p>]]></description><link>http://earthquake.usgs.gov/eqcenter/shakemap/ak/shake/10417012/</link><pubDate>Mon, 20 Feb 2012 16:49:20 +0000</pubDate><geo:lat>51.9164</geo:lat><geo:long>-174.631</geo:long><dc:subject>4</dc:subject><eq:seconds>1329741808</eq:seconds><eq:depth>45.719</eq:depth><eq:region>ak</eq:region></item>
<item><title>3.5 - 3.0 km (1.8 mi) NNW of Crockett, CA</title><description><![CDATA[<img src="http://earthquake.usgs.gov/eqcenter/shakemap/thumbs/shakemap_nc_71736656.jpg" width="100" align="left" hspace="10"/><p>Date: Thu, 16 Feb 2012 17:13:21 UTC<br/>Lat/Lon: 38.0782/-122.234<br/>Depth: 8.25</p>]]></description><link>http://earthquake.usgs.gov/eqcenter/shakemap/nc/shake/71736656/</link><pubDate>Thu, 16 Feb 2012 20:58:58 +0000</pubDate><geo:lat>38.0782</geo:lat><geo:long>-122.234</geo:long><dc:subject>3</dc:subject><eq:seconds>1329412401</eq:seconds><eq:depth>8.25</eq:depth><eq:region>nc</eq:region></item>
<item><title>3.11 - </title><description><![CDATA[<img src="http://earthquake.usgs.gov/eqcenter/shakemap/thumbs/shakemap_ut_00009292.jpg" width="100" align="left" hspace="10"/><p>Date: Thu, 16 Feb 2012 08:20:58 UTC<br/>Lat/Lon: 39.63/-111.53<br/>Depth: 0.1</p>]]></description><link>http://earthquake.usgs.gov/eqcenter/shakemap/ut/shake/00009292/</link><pubDate>Thu, 16 Feb 2012 08:28:18 +0000</pubDate><geo:lat>39.63</geo:lat><geo:long>-111.53</geo:long><dc:subject>3</dc:subject><eq:seconds>1329380458</eq:seconds><eq:depth>0.1</eq:depth><eq:region>ut</eq:region></item>
<item><title>3.5 - 2.8 km (1.7 mi) NNW of Crockett, CA</title><description><![CDATA[<img src="http://earthquake.usgs.gov/eqcenter/shakemap/thumbs/shakemap_nc_71736351.jpg" width="100" align="left" hspace="10"/><p>Date: Thu, 16 Feb 2012 02:09:14 UTC<br/>Lat/Lon: 38.0767/-122.233<br/>Depth: 8.83</p>]]></description><link>http://earthquake.usgs.gov/eqcenter/shakemap/nc/shake/71736351/</link><pubDate>Thu, 16 Feb 2012 23:34:31 +0000</pubDate><geo:lat>38.0767</geo:lat><geo:long>-122.233</geo:long><dc:subject>3</dc:subject><eq:seconds>1329358154</eq:seconds><eq:depth>8.83</eq:depth><eq:region>nc</eq:region></item>
<item><title>5.2 - 50.5 miles WSW of Adak</title><description><![CDATA[<img src="http://earthquake.usgs.gov/eqcenter/shakemap/thumbs/shakemap_ak_10414576.jpg" width="100" align="left" hspace="10"/><p>Date: Wed, 15 Feb 2012 23:03:50 UTC<br/>Lat/Lon: 51.6875/-177.796<br/>Depth: 63.792</p>]]></description><link>http://earthquake.usgs.gov/eqcenter/shakemap/ak/shake/10414576/</link><pubDate>Wed, 15 Feb 2012 23:24:02 +0000</pubDate><geo:lat>51.6875</geo:lat><geo:long>-177.796</geo:long><dc:subject>5</dc:subject><eq:seconds>1329347030</eq:seconds><eq:depth>63.792</eq:depth><eq:region>ak</eq:region></item>
<item><title>5.6 - EASTERN NEW GUINEA REG, PAPUA NEW GUINEA</title><description><![CDATA[<img src="http://earthquake.usgs.gov/eqcenter/shakemap/thumbs/shakemap_global_b00080lm.jpg" width="100" align="left" hspace="10"/><p>Date: Wed, 15 Feb 2012 14:07:51 UTC<br/>Lat/Lon: -7.506/146.929<br/>Depth: 8.2</p>]]></description><link>http://earthquake.usgs.gov/eqcenter/shakemap/global/shake/b00080lm/</link><pubDate>Wed, 15 Feb 2012 16:31:13 +0000</pubDate><geo:lat>-7.506</geo:lat><geo:long>146.929</geo:long><dc:subject>5</dc:subject><eq:seconds>1329314871</eq:seconds><eq:depth>8.2</eq:depth><eq:region>global</eq:region></item>
<item><title>6 - OFF THE COAST OF OREGON</title><description><![CDATA[<img src="http://earthquake.usgs.gov/eqcenter/shakemap/thumbs/shakemap_global_b00080ib.jpg" width="100" align="left" hspace="10"/><p>Date: Wed, 15 Feb 2012 03:31:20 UTC<br/>Lat/Lon: 43.5357/-127.381<br/>Depth: 9.97</p>]]></description><link>http://earthquake.usgs.gov/eqcenter/shakemap/global/shake/b00080ib/</link><pubDate>Wed, 15 Feb 2012 03:38:16 +0000</pubDate><geo:lat>43.5357</geo:lat><geo:long>-127.381</geo:long><dc:subject>6</dc:subject><eq:seconds>1329276680</eq:seconds><eq:depth>9.97</eq:depth><eq:region>global</eq:region></item>
<item><title>4.9 - 58.7 km (36.5 mi) SSE of Calexico, CA</title><description><![CDATA[<img src="http://earthquake.usgs.gov/eqcenter/shakemap/thumbs/shakemap_sc_11066877.jpg" width="100" align="left" hspace="10"/><p>Date: Tue, 14 Feb 2012 10:09:28 UTC<br/>Lat/Lon: 32.1992/-115.209<br/>Depth: 10</p>]]></description><link>http://earthquake.usgs.gov/eqcenter/shakemap/sc/shake/11066877/</link><pubDate>Wed, 15 Feb 2012 10:18:52 +0000</pubDate><geo:lat>32.1992</geo:lat><geo:long>-115.209</geo:long><dc:subject>4</dc:subject><eq:seconds>1329214168</eq:seconds><eq:depth>10</eq:depth><eq:region>sc</eq:region></item>
<item><title>6.4 - SOLOMON ISLANDS</title><description><![CDATA[<img src="http://earthquake.usgs.gov/eqcenter/shakemap/thumbs/shakemap_global_b000803b.jpg" width="100" align="left" hspace="10"/><p>Date: Tue, 14 Feb 2012 08:19:58 UTC<br/>Lat/Lon: -10.387/161.262<br/>Depth: 54.7</p>]]></description><link>http://earthquake.usgs.gov/eqcenter/shakemap/global/shake/b000803b/</link><pubDate>Tue, 14 Feb 2012 10:11:29 +0000</pubDate><geo:lat>-10.387</geo:lat><geo:long>161.262</geo:long><dc:subject>6</dc:subject><eq:seconds>1329207598</eq:seconds><eq:depth>54.7</eq:depth><eq:region>global</eq:region></item>
<item><title>6 - NEAR THE EAST COAST OF HONSHU, JAPAN</title><description><![CDATA[<img src="http://earthquake.usgs.gov/eqcenter/shakemap/thumbs/shakemap_global_b000802f.jpg" width="100" align="left" hspace="10"/><p>Date: Tue, 14 Feb 2012 06:21:58 UTC<br/>Lat/Lon: 36.1539/141.494<br/>Depth: 10.01</p>]]></description><link>http://earthquake.usgs.gov/eqcenter/shakemap/global/shake/b000802f/</link><pubDate>Tue, 14 Feb 2012 06:41:42 +0000</pubDate><geo:lat>36.1539</geo:lat><geo:long>141.494</geo:long><dc:subject>6</dc:subject><eq:seconds>1329200518</eq:seconds><eq:depth>10.01</eq:depth><eq:region>global</eq:region></item>
<item><title>5.6 - 8.6 km (5.4 mi) SW of Weitchpec, CA</title><description><![CDATA[<img src="http://earthquake.usgs.gov/eqcenter/shakemap/thumbs/shakemap_nc_71734741.jpg" width="100" align="left" hspace="10"/><p>Date: Mon, 13 Feb 2012 21:07:03 UTC<br/>Lat/Lon: 41.1432/-123.79<br/>Depth: 28.24</p>]]></description><link>http://earthquake.usgs.gov/eqcenter/shakemap/nc/shake/71734741/</link><pubDate>Tue, 28 Feb 2012 00:30:44 +0000</pubDate><geo:lat>41.1432</geo:lat><geo:long>-123.79</geo:long><dc:subject>5</dc:subject><eq:seconds>1329167223</eq:seconds><eq:depth>28.24</eq:depth><eq:region>nc</eq:region></item>
<item><title>5.8 - COSTA RICA</title><description><![CDATA[<img src="http://earthquake.usgs.gov/eqcenter/shakemap/thumbs/shakemap_global_b0007ztb.jpg" width="100" align="left" hspace="10"/><p>Date: Mon, 13 Feb 2012 10:55:11 UTC<br/>Lat/Lon: 9.2271/-83.9803<br/>Depth: 27.85</p>]]></description><link>http://earthquake.usgs.gov/eqcenter/shakemap/global/shake/b0007ztb/</link><pubDate>Mon, 13 Feb 2012 11:44:35 +0000</pubDate><geo:lat>9.2271</geo:lat><geo:long>-83.9803</geo:long><dc:subject>5</dc:subject><eq:seconds>1329130511</eq:seconds><eq:depth>27.85</eq:depth><eq:region>global</eq:region></item>
<item><title>4.3 - 4.9 km (3.0 mi) WNW of Anderson Springs, CA</title><description><![CDATA[<img src="http://earthquake.usgs.gov/eqcenter/shakemap/thumbs/shakemap_nc_71729135.jpg" width="100" align="left" hspace="10"/><p>Date: Mon, 13 Feb 2012 04:47:13 UTC<br/>Lat/Lon: 38.7927/-122.743<br/>Depth: 1.41</p>]]></description><link>http://earthquake.usgs.gov/eqcenter/shakemap/nc/shake/71729135/</link><pubDate>Tue, 14 Feb 2012 06:52:27 +0000</pubDate><geo:lat>38.7927</geo:lat><geo:long>-122.743</geo:long><dc:subject>4</dc:subject><eq:seconds>1329108433</eq:seconds><eq:depth>1.41</eq:depth><eq:region>nc</eq:region></item>
<item><title>3.66 - </title><description><![CDATA[<img src="http://earthquake.usgs.gov/eqcenter/shakemap/thumbs/shakemap_ut_00009256.jpg" width="100" align="left" hspace="10"/><p>Date: Sun, 12 Feb 2012 04:19:00 UTC<br/>Lat/Lon: 37.85/-112.44<br/>Depth: 0.32</p>]]></description><link>http://earthquake.usgs.gov/eqcenter/shakemap/ut/shake/00009256/</link><pubDate>Sun, 12 Feb 2012 04:26:34 +0000</pubDate><geo:lat>37.85</geo:lat><geo:long>-112.44</geo:long><dc:subject>3</dc:subject><eq:seconds>1329020340</eq:seconds><eq:depth>0.32</eq:depth><eq:region>ut</eq:region></item>
<item><title>3.34 - </title><description><![CDATA[<img src="http://earthquake.usgs.gov/eqcenter/shakemap/thumbs/shakemap_ut_00009253.jpg" width="100" align="left" hspace="10"/><p>Date: Sun, 12 Feb 2012 03:06:10 UTC<br/>Lat/Lon: 37.84/-112.43<br/>Depth: 0.9</p>]]></description><link>http://earthquake.usgs.gov/eqcenter/shakemap/ut/shake/00009253/</link><pubDate>Sun, 12 Feb 2012 03:13:42 +0000</pubDate><geo:lat>37.84</geo:lat><geo:long>-112.43</geo:long><dc:subject>3</dc:subject><eq:seconds>1329015970</eq:seconds><eq:depth>0.9</eq:depth><eq:region>ut</eq:region></item>
<item><title>5.5 - MOLUCCA SEA</title><description><![CDATA[<img src="http://earthquake.usgs.gov/eqcenter/shakemap/thumbs/shakemap_global_b0007z39.jpg" width="100" align="left" hspace="10"/><p>Date: Sat, 11 Feb 2012 07:06:47 UTC<br/>Lat/Lon: -0.9449/126.863<br/>Depth: 13.14</p>]]></description><link>http://earthquake.usgs.gov/eqcenter/shakemap/global/shake/b0007z39/</link><pubDate>Sat, 11 Feb 2012 11:28:24 +0000</pubDate><geo:lat>-0.9449</geo:lat><geo:long>126.863</geo:long><dc:subject>5</dc:subject><eq:seconds>1328944007</eq:seconds><eq:depth>13.14</eq:depth><eq:region>global</eq:region></item>
<item><title>5.6 - BIO-BIO, CHILE</title><description><![CDATA[<img src="http://earthquake.usgs.gov/eqcenter/shakemap/thumbs/shakemap_global_b0007z1v.jpg" width="100" align="left" hspace="10"/><p>Date: Sat, 11 Feb 2012 02:58:23 UTC<br/>Lat/Lon: -37.286/-73.205<br/>Depth: 35</p>]]></description><link>http://earthquake.usgs.gov/eqcenter/shakemap/global/shake/b0007z1v/</link><pubDate>Sat, 11 Feb 2012 03:57:03 +0000</pubDate><geo:lat>-37.286</geo:lat><geo:long>-73.205</geo:long><dc:subject>5</dc:subject><eq:seconds>1328929103</eq:seconds><eq:depth>35</eq:depth><eq:region>global</eq:region></item>
<item><title>5.6 - NEAR THE NORTH COAST OF PAPUA, INDONESIA</title><description><![CDATA[<img src="http://earthquake.usgs.gov/eqcenter/shakemap/thumbs/shakemap_global_b0007yqq.jpg" width="100" align="left" hspace="10"/><p>Date: Fri, 10 Feb 2012 05:34:05 UTC<br/>Lat/Lon: -0.3797/132.662<br/>Depth: 16.33</p>]]></description><link>http://earthquake.usgs.gov/eqcenter/shakemap/global/shake/b0007yqq/</link><pubDate>Fri, 10 Feb 2012 05:49:41 +0000</pubDate><geo:lat>-0.3797</geo:lat><geo:long>132.662</geo:long><dc:subject>5</dc:subject><eq:seconds>1328852045</eq:seconds><eq:depth>16.33</eq:depth><eq:region>global</eq:region></item>
<item><title>5.9 - FIJI REGION</title><description><![CDATA[<img src="http://earthquake.usgs.gov/eqcenter/shakemap/thumbs/shakemap_global_b0007ynj.jpg" width="100" align="left" hspace="10"/><p>Date: Fri, 10 Feb 2012 01:47:34 UTC<br/>Lat/Lon: -17.9429/-178.486<br/>Depth: 575.54</p>]]></description><link>http://earthquake.usgs.gov/eqcenter/shakemap/global/shake/b0007ynj/</link><pubDate>Fri, 10 Feb 2012 02:02:44 +0000</pubDate><geo:lat>-17.9429</geo:lat><geo:long>-178.486</geo:long><dc:subject>5</dc:subject><eq:seconds>1328838454</eq:seconds><eq:depth>575.54</eq:depth><eq:region>global</eq:region></item>
<item><title>5.8 - MACQUARIE ISLAND REGION</title><description><![CDATA[<img src="http://earthquake.usgs.gov/eqcenter/shakemap/thumbs/shakemap_global_b0007ydk.jpg" width="100" align="left" hspace="10"/><p>Date: Thu, 09 Feb 2012 18:52:47 UTC<br/>Lat/Lon: -58.3249/157.87<br/>Depth: 3.91</p>]]></description><link>http://earthquake.usgs.gov/eqcenter/shakemap/global/shake/b0007ydk/</link><pubDate>Thu, 09 Feb 2012 19:16:22 +0000</pubDate><geo:lat>-58.3249</geo:lat><geo:long>157.87</geo:long><dc:subject>5</dc:subject><eq:seconds>1328813567</eq:seconds><eq:depth>3.91</eq:depth><eq:region>global</eq:region></item>
<item><title>5.6 - SOUTH SANDWICH ISLANDS REGION</title><description><![CDATA[<img src="http://earthquake.usgs.gov/eqcenter/shakemap/thumbs/shakemap_global_b0007y20.jpg" width="100" align="left" hspace="10"/><p>Date: Thu, 09 Feb 2012 08:49:24 UTC<br/>Lat/Lon: -56.371/-25.8358<br/>Depth: 9.85</p>]]></description><link>http://earthquake.usgs.gov/eqcenter/shakemap/global/shake/b0007y20/</link><pubDate>Thu, 09 Feb 2012 09:08:32 +0000</pubDate><geo:lat>-56.371</geo:lat><geo:long>-25.8358</geo:long><dc:subject>5</dc:subject><eq:seconds>1328777364</eq:seconds><eq:depth>9.85</eq:depth><eq:region>global</eq:region></item>
<item><title>5.6 - NEAR THE WEST COAST OF HONSHU, JAPAN</title><description><![CDATA[<img src="http://earthquake.usgs.gov/eqcenter/shakemap/thumbs/shakemap_global_b0007xd0.jpg" width="100" align="left" hspace="10"/><p>Date: Wed, 08 Feb 2012 12:01:37 UTC<br/>Lat/Lon: 37.8377/138.099<br/>Depth: 9.67</p>]]></description><link>http://earthquake.usgs.gov/eqcenter/shakemap/global/shake/b0007xd0/</link><pubDate>Wed, 08 Feb 2012 12:19:42 +0000</pubDate><geo:lat>37.8377</geo:lat><geo:long>138.099</geo:long><dc:subject>5</dc:subject><eq:seconds>1328702497</eq:seconds><eq:depth>9.67</eq:depth><eq:region>global</eq:region></item>
<item><title>5.6 - NEAR THE COAST OF ECUADOR</title><description><![CDATA[<img src="http://earthquake.usgs.gov/eqcenter/shakemap/thumbs/shakemap_global_b0007xce.jpg" width="100" align="left" hspace="10"/><p>Date: Wed, 08 Feb 2012 10:54:43 UTC<br/>Lat/Lon: 0.6816/-79.1873<br/>Depth: 69.83</p>]]></description><link>http://earthquake.usgs.gov/eqcenter/shakemap/global/shake/b0007xce/</link><pubDate>Wed, 08 Feb 2012 11:12:38 +0000</pubDate><geo:lat>0.6816</geo:lat><geo:long>-79.1873</geo:long><dc:subject>5</dc:subject><eq:seconds>1328698483</eq:seconds><eq:depth>69.83</eq:depth><eq:region>global</eq:region></item>
<item><title>3.37 - 21.1 miles WSW of LOVELOCK-NV</title><description><![CDATA[<img src="http://earthquake.usgs.gov/eqcenter/shakemap/thumbs/shakemap_nn_2012039_367571.jpg" width="100" align="left" hspace="10"/><p>Date: Wed, 08 Feb 2012 04:16:24 UTC<br/>Lat/Lon: 40.0275/-118.822<br/>Depth: 13.7693</p>]]></description><link>http://earthquake.usgs.gov/eqcenter/shakemap/nn/shake/2012039_367571/</link><pubDate>Mon, 13 Feb 2012 22:21:29 +0000</pubDate><geo:lat>40.0275</geo:lat><geo:long>-118.822</geo:long><dc:subject>3</dc:subject><eq:seconds>1328674584</eq:seconds><eq:depth>13.7693</eq:depth><eq:region>nn</eq:region></item>
<item><title>5.8 - NEGROS - CEBU REGION, PHILIPPINES</title><description><![CDATA[<img src="http://earthquake.usgs.gov/eqcenter/shakemap/thumbs/shakemap_global_b0007wje.jpg" width="100" align="left" hspace="10"/><p>Date: Mon, 06 Feb 2012 11:33:37 UTC<br/>Lat/Lon: 9.804/123.051<br/>Depth: 15.1</p>]]></description><link>http://earthquake.usgs.gov/eqcenter/shakemap/global/shake/b0007wje/</link><pubDate>Mon, 06 Feb 2012 12:45:50 +0000</pubDate><geo:lat>9.804</geo:lat><geo:long>123.051</geo:long><dc:subject>5</dc:subject><eq:seconds>1328528017</eq:seconds><eq:depth>15.1</eq:depth><eq:region>global</eq:region></item>
<item><title>6 - NEGROS - CEBU REGION, PHILIPPINES</title><description><![CDATA[<img src="http://earthquake.usgs.gov/eqcenter/shakemap/thumbs/shakemap_global_b0007wiv.jpg" width="100" align="left" hspace="10"/><p>Date: Mon, 06 Feb 2012 10:10:24 UTC<br/>Lat/Lon: 9.874/123.07<br/>Depth: 15</p>]]></description><link>http://earthquake.usgs.gov/eqcenter/shakemap/global/shake/b0007wiv/</link><pubDate>Mon, 06 Feb 2012 11:50:29 +0000</pubDate><geo:lat>9.874</geo:lat><geo:long>123.07</geo:long><dc:subject>6</dc:subject><eq:seconds>1328523024</eq:seconds><eq:depth>15</eq:depth><eq:region>global</eq:region></item>
<item><title>5.6 - NEGROS - CEBU REGION, PHILIPPINES</title><description><![CDATA[<img src="http://earthquake.usgs.gov/eqcenter/shakemap/thumbs/shakemap_global_b0007wh6.jpg" width="100" align="left" hspace="10"/><p>Date: Mon, 06 Feb 2012 04:20:03 UTC<br/>Lat/Lon: 10.058/123.171<br/>Depth: 15</p>]]></description><link>http://earthquake.usgs.gov/eqcenter/shakemap/global/shake/b0007wh6/</link><pubDate>Mon, 06 Feb 2012 14:55:46 +0000</pubDate><geo:lat>10.058</geo:lat><geo:long>123.171</geo:long><dc:subject>5</dc:subject><eq:seconds>1328502003</eq:seconds><eq:depth>15</eq:depth><eq:region>global</eq:region></item>
<item><title>6.7 - NEGROS - CEBU REGION, PHILIPPINES</title><description><![CDATA[<img src="http://earthquake.usgs.gov/eqcenter/shakemap/thumbs/shakemap_global_b0007wgq.jpg" width="100" align="left" hspace="10"/><p>Date: Mon, 06 Feb 2012 03:49:16 UTC<br/>Lat/Lon: 9.964/123.246<br/>Depth: 11</p>]]></description><link>http://earthquake.usgs.gov/eqcenter/shakemap/global/shake/b0007wgq/</link><pubDate>Wed, 08 Feb 2012 00:38:19 +0000</pubDate><geo:lat>9.964</geo:lat><geo:long>123.246</geo:long><dc:subject>6</dc:subject><eq:seconds>1328500156</eq:seconds><eq:depth>11</eq:depth><eq:region>global</eq:region></item>
<item><title>5.2 - MINDANAO, PHILIPPINES</title><description><![CDATA[<img src="http://earthquake.usgs.gov/eqcenter/shakemap/thumbs/shakemap_global_b0007w8a.jpg" width="100" align="left" hspace="10"/><p>Date: Sun, 05 Feb 2012 16:46:44 UTC<br/>Lat/Lon: 5.9479/124.158<br/>Depth: 503.4</p>]]></description><link>http://earthquake.usgs.gov/eqcenter/shakemap/global/shake/b0007w8a/</link><pubDate>Sun, 05 Feb 2012 20:28:12 +0000</pubDate><geo:lat>5.9479</geo:lat><geo:long>124.158</geo:long><dc:subject>5</dc:subject><eq:seconds>1328460404</eq:seconds><eq:depth>503.4</eq:depth><eq:region>global</eq:region></item>
<item><title>6 - VANUATU</title><description><![CDATA[<img src="http://earthquake.usgs.gov/eqcenter/shakemap/thumbs/shakemap_global_b0007w87.jpg" width="100" align="left" hspace="10"/><p>Date: Sun, 05 Feb 2012 16:40:39 UTC<br/>Lat/Lon: -17.9519/167.23<br/>Depth: 10.28</p>]]></description><link>http://earthquake.usgs.gov/eqcenter/shakemap/global/shake/b0007w87/</link><pubDate>Sun, 05 Feb 2012 19:16:45 +0000</pubDate><geo:lat>-17.9519</geo:lat><geo:long>167.23</geo:long><dc:subject>6</dc:subject><eq:seconds>1328460039</eq:seconds><eq:depth>10.28</eq:depth><eq:region>global</eq:region></item>
<item><title>5 - SOUTHERN IRAN</title><description><![CDATA[<img src="http://earthquake.usgs.gov/eqcenter/shakemap/thumbs/shakemap_global_b0007w4w.jpg" width="100" align="left" hspace="10"/><p>Date: Sun, 05 Feb 2012 06:10:39 UTC<br/>Lat/Lon: 28.5676/51.4715<br/>Depth: 10.05</p>]]></description><link>http://earthquake.usgs.gov/eqcenter/shakemap/global/shake/b0007w4w/</link><pubDate>Sun, 05 Feb 2012 16:16:44 +0000</pubDate><geo:lat>28.5676</geo:lat><geo:long>51.4715</geo:long><dc:subject>5</dc:subject><eq:seconds>1328422239</eq:seconds><eq:depth>10.05</eq:depth><eq:region>global</eq:region></item>
<item><title>6.1 - VANUATU</title><description><![CDATA[<img src="http://earthquake.usgs.gov/eqcenter/shakemap/thumbs/shakemap_global_b0007w23.jpg" width="100" align="left" hspace="10"/><p>Date: Sun, 05 Feb 2012 00:15:40 UTC<br/>Lat/Lon: -18.9348/168.923<br/>Depth: 163.37</p>]]></description><link>http://earthquake.usgs.gov/eqcenter/shakemap/global/shake/b0007w23/</link><pubDate>Sun, 05 Feb 2012 01:04:08 +0000</pubDate><geo:lat>-18.9348</geo:lat><geo:long>168.923</geo:long><dc:subject>6</dc:subject><eq:seconds>1328400940</eq:seconds><eq:depth>163.37</eq:depth><eq:region>global</eq:region></item>
<item><title>5.7 - VANCOUVER ISLAND, CANADA REGION</title><description><![CDATA[<img src="http://earthquake.usgs.gov/eqcenter/shakemap/thumbs/shakemap_global_b0007vx6.jpg" width="100" align="left" hspace="10"/><p>Date: Sat, 04 Feb 2012 20:05:32 UTC<br/>Lat/Lon: 48.8674/-127.876<br/>Depth: 12.76</p>]]></description><link>http://earthquake.usgs.gov/eqcenter/shakemap/global/shake/b0007vx6/</link><pubDate>Sat, 04 Feb 2012 20:16:34 +0000</pubDate><geo:lat>48.8674</geo:lat><geo:long>-127.876</geo:long><dc:subject>5</dc:subject><eq:seconds>1328385932</eq:seconds><eq:depth>12.76</eq:depth><eq:region>global</eq:region></item>
<item><title>5.6 - SAMAR, PHILIPPINES</title><description><![CDATA[<img src="http://earthquake.usgs.gov/eqcenter/shakemap/thumbs/shakemap_global_b0007vrl.jpg" width="100" align="left" hspace="10"/><p>Date: Sat, 04 Feb 2012 13:09:23 UTC<br/>Lat/Lon: 11.8985/125.757<br/>Depth: 10.66</p>]]></description><link>http://earthquake.usgs.gov/eqcenter/shakemap/global/shake/b0007vrl/</link><pubDate>Sat, 04 Feb 2012 14:57:52 +0000</pubDate><geo:lat>11.8985</geo:lat><geo:long>125.757</geo:long><dc:subject>5</dc:subject><eq:seconds>1328360963</eq:seconds><eq:depth>10.66</eq:depth><eq:region>global</eq:region></item>
<item><title>3.71 - </title><description><![CDATA[<img src="http://earthquake.usgs.gov/eqcenter/shakemap/thumbs/shakemap_ut_00009194.jpg" width="100" align="left" hspace="10"/><p>Date: Sat, 04 Feb 2012 11:27:03 UTC<br/>Lat/Lon: 40.01/-111.51<br/>Depth: 5.57</p>]]></description><link>http://earthquake.usgs.gov/eqcenter/shakemap/ut/shake/00009194/</link><pubDate>Sat, 04 Feb 2012 11:35:06 +0000</pubDate><geo:lat>40.01</geo:lat><geo:long>-111.51</geo:long><dc:subject>3</dc:subject><eq:seconds>1328354823</eq:seconds><eq:depth>5.57</eq:depth><eq:region>ut</eq:region></item>
<item><title>5.8 - TONGA</title><description><![CDATA[<img src="http://earthquake.usgs.gov/eqcenter/shakemap/thumbs/shakemap_global_b0007vnt.jpg" width="100" align="left" hspace="10"/><p>Date: Sat, 04 Feb 2012 07:40:13 UTC<br/>Lat/Lon: -20.5288/-174.025<br/>Depth: 10.04</p>]]></description><link>http://earthquake.usgs.gov/eqcenter/shakemap/global/shake/b0007vnt/</link><pubDate>Sat, 04 Feb 2012 08:50:00 +0000</pubDate><geo:lat>-20.5288</geo:lat><geo:long>-174.025</geo:long><dc:subject>5</dc:subject><eq:seconds>1328341213</eq:seconds><eq:depth>10.04</eq:depth><eq:region>global</eq:region></item>
<item><title>5.7 - VANUATU</title><description><![CDATA[<img src="http://earthquake.usgs.gov/eqcenter/shakemap/thumbs/shakemap_global_b0007v5j.jpg" width="100" align="left" hspace="10"/><p>Date: Fri, 03 Feb 2012 06:01:41 UTC<br/>Lat/Lon: -17.3799/167.183<br/>Depth: 24.94</p>]]></description><link>http://earthquake.usgs.gov/eqcenter/shakemap/global/shake/b0007v5j/</link><pubDate>Fri, 03 Feb 2012 06:19:10 +0000</pubDate><geo:lat>-17.3799</geo:lat><geo:long>167.183</geo:long><dc:subject>5</dc:subject><eq:seconds>1328248901</eq:seconds><eq:depth>24.94</eq:depth><eq:region>global</eq:region></item>
<item><title>6 - VANUATU</title><description><![CDATA[<img src="http://earthquake.usgs.gov/eqcenter/shakemap/thumbs/shakemap_global_b0007v3j.jpg" width="100" align="left" hspace="10"/><p>Date: Fri, 03 Feb 2012 03:46:23 UTC<br/>Lat/Lon: -17.3762/167.278<br/>Depth: 21.66</p>]]></description><link>http://earthquake.usgs.gov/eqcenter/shakemap/global/shake/b0007v3j/</link><pubDate>Fri, 03 Feb 2012 04:05:47 +0000</pubDate><geo:lat>-17.3762</geo:lat><geo:long>167.278</geo:long><dc:subject>6</dc:subject><eq:seconds>1328240783</eq:seconds><eq:depth>21.66</eq:depth><eq:region>global</eq:region></item>
<item><title>5.5 - VANUATU</title><description><![CDATA[<img src="http://earthquake.usgs.gov/eqcenter/shakemap/thumbs/shakemap_global_b0007unr.jpg" width="100" align="left" hspace="10"/><p>Date: Thu, 02 Feb 2012 17:27:07 UTC<br/>Lat/Lon: -17.9627/167.209<br/>Depth: 22.76</p>]]></description><link>http://earthquake.usgs.gov/eqcenter/shakemap/global/shake/b0007unr/</link><pubDate>Thu, 02 Feb 2012 17:48:09 +0000</pubDate><geo:lat>-17.9627</geo:lat><geo:long>167.209</geo:long><dc:subject>5</dc:subject><eq:seconds>1328203627</eq:seconds><eq:depth>22.76</eq:depth><eq:region>global</eq:region></item>
</channel></rss>
